{
  "Version": "4",
  "DownloadLink": "https://raw.githubusercontent.com/jota11/launcherupdatetest/master/zip/updatetest4.zip",
  "PatchUpdates": [
    {
      "Version": "3",
      "DownloadURL": "https://raw.githubusercontent.com/jota11/launcherupdatetest/master/zip/updatetest3.zip"
    },
    {
      "Version": "2",
      "DownloadURL": "https://raw.githubusercontent.com/jota11/launcherupdatetest/master/zip/updatetest2.zip"
    },
    {
      "Version": "1",
      "DownloadURL": "https://raw.githubusercontent.com/jota11/launcherupdatetest/master/zip/updatetest1.zip"
    }
  ]
}