{
  "Version": "7",
  "DownloadLink": "https://raw.githubusercontent.com/jota11/launcherupdatetest/master/zip/updatetest7.zip",
  "PatchUpdates": [
	{
      "Version": "6",
      "DownloadURL": "https://raw.githubusercontent.com/jota11/launcherupdatetest/master/zip/updatetest6.zip"
    },
	{
      "Version": "5",
      "DownloadURL": "https://raw.githubusercontent.com/jota11/launcherupdatetest/master/zip/updatetest5.zip"
    },
    {
      "Version": "4",
      "DownloadURL": "https://raw.githubusercontent.com/jota11/launcherupdatetest/master/zip/updatetest4.zip"
    },
    {
      "Version": "3",
      "DownloadURL": "https://raw.githubusercontent.com/jota11/launcherupdatetest/master/zip/updatetest3.zip"
    },
    {
      "Version": "2",
      "DownloadURL": "https://raw.githubusercontent.com/jota11/launcherupdatetest/master/zip/updatetest2.zip"
    },
    {
      "Version": "1",
      "DownloadURL": "https://raw.githubusercontent.com/jota11/launcherupdatetest/master/zip/updatetest1.zip"
    }
  ]
}