{
  "Version": "37",
  "DownloadLink": "https://raw.githubusercontent.com/jota11/launcherupdatetest/master/zip/updatetest37.zip",
  "PatchUpdates": [
    {
      "Version": "36",
      "DownloadURL": "https://raw.githubusercontent.com/jota11/launcherupdatetest/master/zip/updatetest36.zip"
    },
    {
      "Version": "35",
      "DownloadURL": "https://raw.githubusercontent.com/jota11/launcherupdatetest/master/zip/updatetest35.zip"
    },
    {
      "Version": "30",
      "DownloadURL": "https://raw.githubusercontent.com/jota11/launcherupdatetest/master/zip/updatetest30.zip"
    },
    {
      "Version": "29",
      "DownloadURL": "https://raw.githubusercontent.com/jota11/launcherupdatetest/master/zip/updatetest29.zip"
    },
    {
      "Version": "28",
      "DownloadURL": "https://raw.githubusercontent.com/jota11/launcherupdatetest/master/zip/updatetest28.zip"
    },
    {
      "Version": "21",
      "DownloadURL": "https://raw.githubusercontent.com/jota11/launcherupdatetest/master/zip/updatetest21.zip"
    },
    {
      "Version": "11",
      "DownloadURL": "https://raw.githubusercontent.com/jota11/launcherupdatetest/master/zip/updatetest11.zip"
    },
	  {
      "Version": "10",
      "DownloadURL": "https://raw.githubusercontent.com/jota11/launcherupdatetest/master/zip/updatetest10.zip"
    },
	  {
      "Version": "9",
      "DownloadURL": "https://raw.githubusercontent.com/jota11/launcherupdatetest/master/zip/updatetest9.zip"
    },
	  {
      "Version": "8",
      "DownloadURL": "https://raw.githubusercontent.com/jota11/launcherupdatetest/master/zip/updatetest8.zip"
    },
	  {
      "Version": "7",
      "DownloadURL": "https://raw.githubusercontent.com/jota11/launcherupdatetest/master/zip/updatetest7.zip"
    },
	  {
      "Version": "6",
      "DownloadURL": "https://raw.githubusercontent.com/jota11/launcherupdatetest/master/zip/updatetest6.zip"
    },
	  {
      "Version": "5",
      "DownloadURL": "https://raw.githubusercontent.com/jota11/launcherupdatetest/master/zip/updatetest5.zip"
    },
    {
      "Version": "4",
      "DownloadURL": "https://raw.githubusercontent.com/jota11/launcherupdatetest/master/zip/updatetest4.zip"
    },
    {
      "Version": "3",
      "DownloadURL": "https://raw.githubusercontent.com/jota11/launcherupdatetest/master/zip/updatetest3.zip"
    },
    {
      "Version": "2",
      "DownloadURL": "https://raw.githubusercontent.com/jota11/launcherupdatetest/master/zip/updatetest2.zip"
    },
    {
      "Version": "1",
      "DownloadURL": "https://raw.githubusercontent.com/jota11/launcherupdatetest/master/zip/updatetest1.zip"
    }
  ]
}